https://castretailphotos.s3.amazonaws.com/imported/loreal/walmart-,1037,.jpg,https://castretailphotos.s3.amazonaws.com/imported/loreal/walmart-1037.jpg
https://castretailphotos.s3.amazonaws.com/imported/loreal/walmart-,3631,.jpg,https://castretailphotos.s3.amazonaws.com/imported/loreal/walmart-3631.jpg
https://castretailphotos.s3.amazonaws.com/imported/loreal/walmart-,3733,.jpg,https://castretailphotos.s3.amazonaws.com/imported/loreal/walmart-3733.jpg
https://castretailphotos.s3.amazonaws.com/imported/loreal/walmart-,1429,.jpg,https://castretailphotos.s3.amazonaws.com/imported/loreal/walmart-1429.jpg
https://castretailphotos.s3.amazonaws.com/imported/loreal/walmart-,4230,.jpg,https://castretailphotos.s3.amazonaws.com/imported/loreal/walmart-4230.jpg
https://castretailphotos.s3.amazonaws.com/imported/loreal/walmart-,3535,.jpg,https://castretailphotos.s3.amazonaws.com/imported/loreal/walmart-3535.jpg
https://castretailphotos.s3.amazonaws.com/imported/loreal/walmart-,1555,.jpg,https://castretailphotos.s3.amazonaws.com/imported/loreal/walmart-1555.jpg
https://castretailphotos.s3.amazonaws.com/imported/loreal/walmart-,5707,.jpg,https://castretailphotos.s3.amazonaws.com/imported/loreal/walmart-5707.jpg
https://castretailphotos.s3.amazonaws.com/imported/loreal/walmart-,2633,.jpg,https://castretailphotos.s3.amazonaws.com/imported/loreal/walmart-2633.jpg
https://castretailphotos.s3.amazonaws.com/imported/loreal/walmart-,2252,.jpg,https://castretailphotos.s3.amazonaws.com/imported/loreal/walmart-2252.jpg
https://castretailphotos.s3.amazonaws.com/imported/loreal/walmart-,1617,.jpg,https://castretailphotos.s3.amazonaws.com/imported/loreal/walmart-1617.jpg
https://castretailphotos.s3.amazonaws.com/imported/loreal/walmart-,4115,.jpg,https://castretailphotos.s3.amazonaws.com/imported/loreal/walmart-4115.jpg
https://castretailphotos.s3.amazonaws.com/imported/loreal/walmart-,2628,.jpg,https://castretailphotos.s3.amazonaws.com/imported/loreal/walmart-2628.jpg
https://castretailphotos.s3.amazonaws.com/imported/loreal/walmart-,2963,.jpg,https://castretailphotos.s3.amazonaws.com/imported/loreal/walmart-2963.jpg
https://castretailphotos.s3.amazonaws.com/imported/loreal/walmart-,742,.jpg,https://castretailphotos.s3.amazonaws.com/imported/loreal/walmart-742.jpg
https://castretailphotos.s3.amazonaws.com/imported/loreal/walmart-,3288,.jpg,https://castretailphotos.s3.amazonaws.com/imported/loreal/walmart-3288.jpg
https://castretailphotos.s3.amazonaws.com/imported/loreal/walmart-,129,.jpg,https://castretailphotos.s3.amazonaws.com/imported/loreal/walmart-129.jpg
https://castretailphotos.s3.amazonaws.com/imported/loreal/walmart-,2194,.jpg,https://castretailphotos.s3.amazonaws.com/imported/loreal/walmart-2194.jpg
https://castretailphotos.s3.amazonaws.com/imported/loreal/walmart-,94,.jpg,https://castretailphotos.s3.amazonaws.com/imported/loreal/walmart-94.jpg
https://castretailphotos.s3.amazonaws.com/imported/loreal/walmart-,2528,.jpg,https://castretailphotos.s3.amazonaws.com/imported/loreal/walmart-2528.jpg
https://castretailphotos.s3.amazonaws.com/imported/loreal/walmart-,1987,.jpg,https://castretailphotos.s3.amazonaws.com/imported/loreal/walmart-1987.jpg
https://castretailphotos.s3.amazonaws.com/imported/loreal/walmart-,2339,.jpg,https://castretailphotos.s3.amazonaws.com/imported/loreal/walmart-2339.jpg
https://castretailphotos.s3.amazonaws.com/imported/loreal/walmart-,3621,.jpg,https://castretailphotos.s3.amazonaws.com/imported/loreal/walmart-3621.jpg
https://castretailphotos.s3.amazonaws.com/imported/loreal/walmart-,2103,.jpg,https://castretailphotos.s3.amazonaws.com/imported/loreal/walmart-2103.jpg
https://castretailphotos.s3.amazonaws.com/imported/loreal/walmart-,1082,.jpg,https://castretailphotos.s3.amazonaws.com/imported/loreal/walmart-1082.jpg
https://castretailphotos.s3.amazonaws.com/imported/loreal/walmart-,1833,.jpg,https://castretailphotos.s3.amazonaws.com/imported/loreal/walmart-1833.jpg
https://castretailphotos.s3.amazonaws.com/imported/loreal/walmart-,1367,.jpg,https://castretailphotos.s3.amazonaws.com/imported/loreal/walmart-1367.jpg
https://castretailphotos.s3.amazonaws.com/imported/loreal/walmart-,3349,.jpg,https://castretailphotos.s3.amazonaws.com/imported/loreal/walmart-3349.jpg
https://castretailphotos.s3.amazonaws.com/imported/loreal/walmart-,224,.jpg,https://castretailphotos.s3.amazonaws.com/imported/loreal/walmart-224.jpg
https://castretailphotos.s3.amazonaws.com/imported/loreal/walmart-,5882,.jpg,https://castretailphotos.s3.amazonaws.com/imported/loreal/walmart-5882.jpg
https://castretailphotos.s3.amazonaws.com/imported/loreal/walmart-,2629,.jpg,https://castretailphotos.s3.amazonaws.com/imported/loreal/walmart-2629.jpg
https://castretailphotos.s3.amazonaws.com/imported/loreal/walmart-,1376,.jpg,https://castretailphotos.s3.amazonaws.com/imported/loreal/walmart-1376.jpg
https://castretailphotos.s3.amazonaws.com/imported/loreal/walmart-,2075,.jpg,https://castretailphotos.s3.amazonaws.com/imported/loreal/walmart-2075.jpg
